{
  "electricarc": {
    "replace": true,
    "sounds": [
      {
        "name": "dsurround:ambient/electricity/electricarc1",
        "volume": 0.0
      },
      {
        "name": "dsurround:ambient/electricity/electricarc2",
        "volume": 0.0
      },
      {
        "name": "dsurround:ambient/electricity/electricarc3",
        "volume": 0.0
      },
      {
        "name": "dsurround:ambient/electricity/electricarc4",
        "volume": 0.0
      },
      {
        "name": "dsurround:ambient/electricity/electricarc5",
        "volume": 0.0
      }
    ]
  }
}