{
  "entity.player.snore": {
    "replace": true,
    "sounds": [
      {
        "name": "subtle_effects:entity/player/snore1",
        "volume": 0.0
      },
      {
        "name": "subtle_effects:entity/player/snore2",
        "volume": 0.0
      },
      {
        "name": "subtle_effects:entity/player/snore3",
        "volume": 0.0
      }
    ]
  },
  "entity.villager.snore": {
    "replace": true,
    "sounds": [
      {
        "name": "subtle_effects:mob/villager/snore1",
        "volume": 0.0
      },
      {
        "name": "subtle_effects:mob/villager/snore2",
        "volume": 0.0
      },
      {
        "name": "subtle_effects:mob/villager/snore3",
        "volume": 0.0
      }
    ]
  }
}